Record Date,Statement Fiscal Year,Agency Name,Net Cost (in Billions),Source Line Number,Fiscal Year
2023-09-30,2023,Department of Health and Human Services,1714.1,1,2023
2023-09-30,2023,Department of Veterans Affairs,1455.3,2,2023
2023-09-30,2023,Social Security Administration,1432.8,3,2023
2023-09-30,2023,Department of Defense,1003.3,4,2023
2023-09-30,2023,Interest on Treasury Securities held by the public,678.0,5,2023
2023-09-30,2023,Department of the Treasury,303.7,6,2023
2023-09-30,2023,Department of Agriculture,226.3,7,2023
2023-09-30,2023,Office of Personnel Management,206.5,8,2023
2023-09-30,2023,Department of Transportation,106.7,9,2023
2023-09-30,2023,Security Assistance Accounts,103.2,10,2023
2023-09-30,2023,Department of Homeland Security,96.6,11,2023
2023-09-30,2023,Department of Energy,74.9,12,2023
2023-09-30,2023,Department of Housing and Urban Development,67.3,13,2023
2023-09-30,2023,Department of Justice,47.9,14,2023
2023-09-30,2023,Department of Labor,45.3,15,2023
2023-09-30,2023,Pension Benefit Guaranty Corporation,38.0,16,2023
2023-09-30,2023,Agency for International Development,36.8,17,2023
2023-09-30,2023,Department of State,35.4,18,2023
2023-09-30,2023,Small Business Administration,30.3,19,2023
2023-09-30,2023,Department of the Interior,26.5,20,2023
2023-09-30,2023,National Aeronautics and Space Administration,24.4,21,2023
2023-09-30,2023,Department of Education,18.5,22,2023
2023-09-30,2023,Federal Communications Commission,18.2,23,2023
2023-09-30,2023,Railroad Retirement Board,15.6,24,2023
2023-09-30,2023,Department of Commerce,13.0,25,2023
2023-09-30,2023,Environmental Protection Agency,11.9,26,2023
2023-09-30,2023,Federal Deposit Insurance Corporation,9.9,27,2023
2023-09-30,2023,National Science Foundation,9.0,28,2023
2023-09-30,2023,United States Postal Service,6.8,29,2023
2023-09-30,2023,Smithsonian Institution,1.5,30,2023
2023-09-30,2023,Millennium Challenge Corporation,0.7,31,2023
2023-09-30,2023,National Credit Union Administration,0.3,32,2023
2023-09-30,2023,U.S. Nuclear Regulatory Commission,0.1,33,2023
2023-09-30,2023,General Services Administration,-0.199999999999997,34,2023
2023-09-30,2023,Securities and Exchange Commission,-0.2,35,2023
2023-09-30,2023,United States International Development Finance Corporation,-0.3,36,2023
2023-09-30,2023,Farm Credit System Insurance Corporation,-0.6,37,2023
2023-09-30,2023,Tennessee Valley Authority,-0.600000000000001,38,2023
2023-09-30,2023,Export-Import Bank of the United States,-0.7,39,2023
2023-09-30,2023,National Railroad Retirement Investment Trust,-2.7,40,2023
2023-09-30,2023,All other entities,29.3,41,2023
2023-09-30,2023,Total,7882.80000000001,42,2023
2023-09-30,2022,Department of Health and Human Services,1660.0,1,2023
2023-09-30,2022,Department of Veterans Affairs,1934.9,2,2023
2023-09-30,2022,Social Security Administration,1294.0,3,2023
2023-09-30,2022,Department of Defense,1458.9,4,2023
2023-09-30,2022,Interest on Treasury Securities held by the public,496.5,5,2023
2023-09-30,2022,Department of the Treasury,526.4,6,2023
2023-09-30,2022,Department of Agriculture,240.7,7,2023
2023-09-30,2022,Office of Personnel Management,295.0,8,2023
2023-09-30,2022,Department of Transportation,115.3,9,2023
2023-09-30,2022,Security Assistance Accounts,82.8,10,2023
2023-09-30,2022,Department of Homeland Security,88.8,11,2023
2023-09-30,2022,Department of Energy,28.2,12,2023
2023-09-30,2022,Department of Housing and Urban Development,26.3,13,2023
2023-09-30,2022,Department of Justice,41.2,14,2023
2023-09-30,2022,Department of Labor,42.3,15,2023
2023-09-30,2022,Pension Benefit Guaranty Corporation,-7.0,16,2023
2023-09-30,2022,Agency for International Development,29.4,17,2023
2023-09-30,2022,Department of State,38.6,18,2023
2023-09-30,2022,Small Business Administration,43.5,19,2023
2023-09-30,2022,Department of the Interior,25.5,20,2023
2023-09-30,2022,National Aeronautics and Space Administration,22.0,21,2023
2023-09-30,2022,Department of Education,539.5,22,2023
2023-09-30,2022,Federal Communications Commission,15.6,23,2023
2023-09-30,2022,Railroad Retirement Board,8.2,24,2023
2023-09-30,2022,Department of Commerce,11.7,25,2023
2023-09-30,2022,Environmental Protection Agency,9.6,26,2023
2023-09-30,2022,Federal Deposit Insurance Corporation,-6.3,27,2023
2023-09-30,2022,National Science Foundation,8.2,28,2023
2023-09-30,2022,United States Postal Service,2.49999999999999,29,2023
2023-09-30,2022,Smithsonian Institution,1.6,30,2023
2023-09-30,2022,Millennium Challenge Corporation,0.7,31,2023
2023-09-30,2022,National Credit Union Administration,0.2,32,2023
2023-09-30,2022,U.S. Nuclear Regulatory Commission,0.1,33,2023
2023-09-30,2022,General Services Administration,-0.600000000000001,34,2023
2023-09-30,2022,Securities and Exchange Commission,0.2,35,2023
2023-09-30,2022,United States International Development Finance Corporation,0.1,36,2023
2023-09-30,2022,Farm Credit System Insurance Corporation,-0.6,37,2023
2023-09-30,2022,Tennessee Valley Authority,-1.1,38,2023
2023-09-30,2022,Export-Import Bank of the United States,-0.5,39,2023
2023-09-30,2022,National Railroad Retirement Investment Trust,3.6,40,2023
2023-09-30,2022,All other entities,21.5,41,2023
2023-09-30,2022,Subtotal,9097.50000000001,42,2023
2023-09-30,2022,Unmatched transactions and balances (Note 1.T),-0.6,43,2023
2023-09-30,2022,Total,9096.90000000001,44,2023
2022-09-30,2022,Department of Veterans Affairs,1934.9,1,2022
2022-09-30,2022,Department of Health and Human Services,1660.0,2,2022
2022-09-30,2022,Department of Defense,1459.0,3,2022
2022-09-30,2022,Social Security Administration,1294.1,4,2022
2022-09-30,2022,Department of Education,539.5,5,2022
2022-09-30,2022,Department of the Treasury,526.4,6,2022
2022-09-30,2022,Interest on Treasury Securities held by the public,496.5,7,2022
2022-09-30,2022,Office of Personnel Management,295.4,8,2022
2022-09-30,2022,Department of Agriculture,240.9,9,2022
2022-09-30,2022,Department of Transportation,115.4,10,2022
2022-09-30,2022,Department of Homeland Security,88.6,11,2022
2022-09-30,2022,Security Assistance Accounts,82.8,12,2022
2022-09-30,2022,Small Business Administration,43.5,13,2022
2022-09-30,2022,Department of Labor,42.4,14,2022
2022-09-30,2022,Department of Justice,41.2,15,2022
2022-09-30,2022,Department of State,38.6,16,2022
2022-09-30,2022,Agency for International Development,29.4,17,2022
2022-09-30,2022,Department of Energy,27.9,18,2022
2022-09-30,2022,Department of Housing and Urban Development,26.3,19,2022
2022-09-30,2022,Department of the Interior,25.7,20,2022
2022-09-30,2022,National Aeronautics and Space Administration,22.0,21,2022
2022-09-30,2022,Federal Communications Commission,15.6,22,2022
2022-09-30,2022,Department of Commerce,11.7,23,2022
2022-09-30,2022,Environmental Protection Agency,9.5,24,2022
2022-09-30,2022,National Science Foundation,8.2,25,2022
2022-09-30,2022,Railroad Retirement Board,8.2,26,2022
2022-09-30,2022,National Railroad Retirement Investment Trust,3.6,27,2022
2022-09-30,2022,United States Postal Service,2.5,28,2022
2022-09-30,2022,Smithsonian Institution,1.6,29,2022
2022-09-30,2022,Millennium Challenge Corporation,0.7,30,2022
2022-09-30,2022,Securities and Exchange Commission,0.2,31,2022
2022-09-30,2022,National Credit Union Administration,0.2,32,2022
2022-09-30,2022,U.S. Nuclear Regulatory Commission,0.1,33,2022
2022-09-30,2022,United States International Development Finance Corporation,0.1,34,2022
2022-09-30,2022,Export-Import Bank of the United States,-0.5,35,2022
2022-09-30,2022,General Services Administration,-0.599999999999999,36,2022
2022-09-30,2022,Farm Credit System Insurance Corporation,-0.6,37,2022
2022-09-30,2022,Tennessee Valley Authority,-1.1,38,2022
2022-09-30,2022,Federal Deposit Insurance Corporation,-6.3,39,2022
2022-09-30,2022,Pension Benefit Guaranty Corporation,-7.0,40,2022
2022-09-30,2022,All other entities,20.2,41,2022
2022-09-30,2022,Total,9096.8,42,2022
2022-09-30,2021,Department of Veterans Affairs,693.4,1,2022
2022-09-30,2021,Department of Health and Human Services,1507.9,2,2022
2022-09-30,2021,Department of Defense,890.6,3,2022
2022-09-30,2021,Social Security Administration,1193.8,4,2022
2022-09-30,2021,Department of Education,208.6,5,2022
2022-09-30,2021,Department of the Treasury,830.8,6,2022
2022-09-30,2021,Interest on Treasury Securities held by the public,392.0,7,2022
2022-09-30,2021,Office of Personnel Management,192.6,8,2022
2022-09-30,2021,Department of Agriculture,230.6,9,2022
2022-09-30,2021,Department of Transportation,101.9,10,2022
2022-09-30,2021,Department of Homeland Security,89.7,11,2022
2022-09-30,2021,Security Assistance Accounts,78.5,12,2022
2022-09-30,2021,Small Business Administration,347.4,13,2022
2022-09-30,2021,Department of Labor,396.8,14,2022
2022-09-30,2021,Department of Justice,38.8,15,2022
2022-09-30,2021,Department of State,38.6,16,2022
2022-09-30,2021,Agency for International Development,16.0,17,2022
2022-09-30,2021,Department of Energy,37.0,18,2022
2022-09-30,2021,Department of Housing and Urban Development,33.4,19,2022
2022-09-30,2021,Department of the Interior,21.5,20,2022
2022-09-30,2021,National Aeronautics and Space Administration,21.8,21,2022
2022-09-30,2021,Federal Communications Commission,11.3,22,2022
2022-09-30,2021,Department of Commerce,12.0,23,2022
2022-09-30,2021,Environmental Protection Agency,8.5,24,2022
2022-09-30,2021,National Science Foundation,7.4,25,2022
2022-09-30,2021,Railroad Retirement Board,17.3,26,2022
2022-09-30,2021,National Railroad Retirement Investment Trust,-6.5,27,2022
2022-09-30,2021,United States Postal Service,2.2,28,2022
2022-09-30,2021,Smithsonian Institution,0.7,29,2022
2022-09-30,2021,Millennium Challenge Corporation,0.7,30,2022
2022-09-30,2021,Securities and Exchange Commission,-0.0999999999999996,31,2022
2022-09-30,2021,National Credit Union Administration,0.1,32,2022
2022-09-30,2021,U.S. Nuclear Regulatory Commission,0.2,33,2022
2022-09-30,2021,United States International Development Finance Corporation,-0.2,34,2022
2022-09-30,2021,Export-Import Bank of the United States,-0.2,35,2022
2022-09-30,2021,General Services Administration,-1.0,36,2022
2022-09-30,2021,Farm Credit System Insurance Corporation,-0.4,37,2022
2022-09-30,2021,Tennessee Valley Authority,-1.6,38,2022
2022-09-30,2021,Federal Deposit Insurance Corporation,-5.4,39,2022
2022-09-30,2021,Pension Benefit Guaranty Corporation,-79.1,40,2022
2022-09-30,2021,All other entities,23.2,41,2022
2022-09-30,2021,Total,7350.8,42,2022
2021-09-30,2021,Department of Health and Human Services,1507.9,1,2021
2021-09-30,2021,Social Security Administration,1193.8,2,2021
2021-09-30,2021,Department of Defense,890.6,3,2021
2021-09-30,2021,Department of the Treasury,830.8,4,2021
2021-09-30,2021,Department of Veterans Affairs,693.4,5,2021
2021-09-30,2021,Department of Labor,396.8,6,2021
2021-09-30,2021,Interest on Treasury Securities Held by the Public,392.0,7,2021
2021-09-30,2021,Small Business Administration,347.4,8,2021
2021-09-30,2021,Department of Agriculture,230.6,9,2021
2021-09-30,2021,Department of Education,208.6,10,2021
2021-09-30,2021,Office of Personnel Management,192.6,11,2021
2021-09-30,2021,Department of Transportation,101.9,12,2021
2021-09-30,2021,Department of Homeland Security,89.7,13,2021
2021-09-30,2021,Security Assistance Accounts,78.5,14,2021
2021-09-30,2021,Department of Justice,38.8,15,2021
2021-09-30,2021,Department of State,38.6,16,2021
2021-09-30,2021,Department of Energy,37.0,17,2021
2021-09-30,2021,Department of Housing and Urban Development,33.4,18,2021
2021-09-30,2021,National Aeronautics and Space Administration,21.8,19,2021
2021-09-30,2021,Department of the Interior,21.5,20,2021
2021-09-30,2021,Railroad Retirement Board,17.3,21,2021
2021-09-30,2021,U.S. Agency for International Development,16.0,22,2021
2021-09-30,2021,Department of Commerce,12.0,23,2021
2021-09-30,2021,Federal Communications Commission,11.3,24,2021
2021-09-30,2021,Environmental Protection Agency,8.5,25,2021
2021-09-30,2021,National Science Foundation,7.4,26,2021
2021-09-30,2021,U.S. Postal Service,2.2,27,2021
2021-09-30,2021,Smithsonian Institution,0.7,28,2021
2021-09-30,2021,Millennium Challenge Corporation,0.7,29,2021
2021-09-30,2021,U.S. Nuclear Regulatory Commission,0.2,30,2021
2021-09-30,2021,National Credit Union Administration,0.1,31,2021
2021-09-30,2021,Securities and Exchange Commission,-0.0999999999999996,32,2021
2021-09-30,2021,Export-Import Bank of the U.S.,-0.2,33,2021
2021-09-30,2021,U.S. International Development Finance Corporation,-0.2,34,2021
2021-09-30,2021,Farm Credit System Insurance Corporation,-0.4,35,2021
2021-09-30,2021,General Services Administration,-1.0,36,2021
2021-09-30,2021,Tennessee Valley Authority,-1.6,37,2021
2021-09-30,2021,Federal Deposit Insurance Corporation,-5.4,38,2021
2021-09-30,2021,National Railroad Retirement Investment Trust,-6.5,39,2021
2021-09-30,2021,Pension Benefit Guaranty Corporation,-79.1,40,2021
2021-09-30,2021,All other entities,23.2,41,2021
2021-09-30,2021,Total,7350.8,42,2021
2021-09-30,2020,Department of Health and Human Services,1407.1,1,2021
2021-09-30,2020,Social Security Administration,1157.3,2,2021
2021-09-30,2020,Department of Defense,745.8,3,2021
2021-09-30,2020,Department of the Treasury,560.7,4,2021
2021-09-30,2020,Department of Veterans Affairs,985.2,5,2021
2021-09-30,2020,Department of Labor,493.2,6,2021
2021-09-30,2020,Interest on Treasury Securities Held by the Public,371.1,7,2021
2021-09-30,2020,Small Business Administration,559.0,8,2021
2021-09-30,2020,Department of Agriculture,187.9,9,2021
2021-09-30,2020,Department of Education,156.9,10,2021
2021-09-30,2020,Office of Personnel Management,162.0,11,2021
2021-09-30,2020,Department of Transportation,107.7,12,2021
2021-09-30,2020,Department of Homeland Security,113.6,13,2021
2021-09-30,2020,Security Assistance Accounts,112.0,14,2021
2021-09-30,2020,Department of Justice,37.3,15,2021
2021-09-30,2020,Department of State,32.9,16,2021
2021-09-30,2020,Department of Energy,55.5,17,2021
2021-09-30,2020,Department of Housing and Urban Development,34.1,18,2021
2021-09-30,2020,National Aeronautics and Space Administration,22.1,19,2021
2021-09-30,2020,Department of the Interior,20.6,20,2021
2021-09-30,2020,Railroad Retirement Board,13.1,21,2021
2021-09-30,2020,U.S. Agency for International Development,13.8,22,2021
2021-09-30,2020,Department of Commerce,15.5,23,2021
2021-09-30,2020,Federal Communications Commission,13.5,24,2021
2021-09-30,2020,Environmental Protection Agency,8.7,25,2021
2021-09-30,2020,National Science Foundation,7.3,26,2021
2021-09-30,2020,U.S. Postal Service,7.5,27,2021
2021-09-30,2020,Smithsonian Institution,1.0,28,2021
2021-09-30,2020,Millennium Challenge Corporation,0.6,29,2021
2021-09-30,2020,U.S. Nuclear Regulatory Commission,0.2,30,2021
2021-09-30,2020,National Credit Union Administration,0.1,31,2021
2021-09-30,2020,Securities and Exchange Commission,-1.1,32,2021
2021-09-30,2020,Export-Import Bank of the U.S.,0.4,33,2021
2021-09-30,2020,U.S. International Development Finance Corporation,-0.1,34,2021
2021-09-30,2020,Farm Credit System Insurance Corporation,-0.1,35,2021
2021-09-30,2020,General Services Administration,-0.499999999999998,36,2021
2021-09-30,2020,Tennessee Valley Authority,-1.3,37,2021
2021-09-30,2020,Federal Deposit Insurance Corporation,-4.8,38,2021
2021-09-30,2020,National Railroad Retirement Investment Trust,-1.7,39,2021
2021-09-30,2020,Pension Benefit Guaranty Corporation,-2.8,40,2021
2021-09-30,2020,All other entities,21.7,41,2021
2021-09-30,2020,Total,7413.0,42,2021
2020-09-30,2020,Department of Health and Human Services,1407.1,1,2020
2020-09-30,2020,Social Security Administration,1157.3,2,2020
2020-09-30,2020,Department of Veterans Affairs,985.0,3,2020
2020-09-30,2020,Department of Defense,745.0,4,2020
2020-09-30,2020,Department of the Treasury,560.7,5,2020
2020-09-30,2020,Small Business Administration,559.0,6,2020
2020-09-30,2020,Department of Labor,493.2,7,2020
2020-09-30,2020,Interest on Treasury Securities Held by the Public,371.1,8,2020
2020-09-30,2020,Department of Agriculture,187.9,9,2020
2020-09-30,2020,Office of Personnel Management,162.0,10,2020
2020-09-30,2020,Department of Education,156.9,11,2020
2020-09-30,2020,Department of Homeland Security,113.6,12,2020
2020-09-30,2020,Security Assistance Accounts,112.0,13,2020
2020-09-30,2020,Department of Transportation,107.7,14,2020
2020-09-30,2020,Department of Energy,55.5,15,2020
2020-09-30,2020,Department of Justice,37.3,16,2020
2020-09-30,2020,Department of Housing and Urban Development,34.1,17,2020
2020-09-30,2020,Department of State,32.9,18,2020
2020-09-30,2020,National Aeronautics and Space Administration,22.1,19,2020
2020-09-30,2020,Department of the Interior,20.6,20,2020
2020-09-30,2020,Department of Commerce,15.5,21,2020
2020-09-30,2020,U.S. Agency for International Development,13.8,22,2020
2020-09-30,2020,Federal Communications Commission,13.5,23,2020
2020-09-30,2020,Railroad Retirement Board,13.1,24,2020
2020-09-30,2020,Environmental Protection Agency,8.7,25,2020
2020-09-30,2020,U.S. Postal Service,7.5,26,2020
2020-09-30,2020,National Science Foundation,7.3,27,2020
2020-09-30,2020,Smithsonian Institution,1.0,28,2020
2020-09-30,2020,Millennium Challenge Corporation,0.6,29,2020
2020-09-30,2020,Export-Import Bank of the U.S.,0.4,30,2020
2020-09-30,2020,U.S. Nuclear Regulatory Commission,0.2,31,2020
2020-09-30,2020,National Credit Union Administration,0.1,32,2020
2020-09-30,2020,U.S. International Development Finance Corporation,-0.1,33,2020
2020-09-30,2020,Farm Credit System Insurance Corporation,-0.1,34,2020
2020-09-30,2020,General Services Administration,-0.5,35,2020
2020-09-30,2020,Securities and Exchange Commission,-1.1,36,2020
2020-09-30,2020,Tennessee Valley Authority,-1.3,37,2020
2020-09-30,2020,National Railroad Retirement Investment Trust,-1.7,38,2020
2020-09-30,2020,Pension Benefit Guaranty Corporation,-2.8,39,2020
2020-09-30,2020,Federal Deposit Insurance Corporation,-4.8,40,2020
2020-09-30,2020,All other entities,21.7,41,2020
2020-09-30,2020,Total,7412.0,42,2020
2020-09-30,2019,Department of Health and Human Services,1222.3,1,2020
2020-09-30,2019,Social Security Administration,1100.9,2,2020
2020-09-30,2019,Department of Veterans Affairs,417.6,3,2020
2020-09-30,2019,Department of Defense,908.4,4,2020
2020-09-30,2019,Department of the Treasury,155.7,5,2020
2020-09-30,2019,Small Business Administration,-0.1,6,2020
2020-09-30,2019,Department of Labor,40.5,7,2020
2020-09-30,2019,Interest on Treasury Securities Held by the Public,403.6,8,2020
2020-09-30,2019,Department of Agriculture,140.8,9,2020
2020-09-30,2019,Office of Personnel Management,94.7,10,2020
2020-09-30,2019,Department of Education,122.0,11,2020
2020-09-30,2019,Department of Homeland Security,63.9,12,2020
2020-09-30,2019,Security Assistance Accounts,38.6,13,2020
2020-09-30,2019,Department of Transportation,81.1,14,2020
2020-09-30,2019,Department of Energy,53.6,15,2020
2020-09-30,2019,Department of Justice,37.3,16,2020
2020-09-30,2019,Department of Housing and Urban Development,27.8,17,2020
2020-09-30,2019,Department of State,30.0,18,2020
2020-09-30,2019,National Aeronautics and Space Administration,20.8,19,2020
2020-09-30,2019,Department of the Interior,18.5,20,2020
2020-09-30,2019,Department of Commerce,10.2,21,2020
2020-09-30,2019,U.S. Agency for International Development,12.1,22,2020
2020-09-30,2019,Federal Communications Commission,10.8,23,2020
2020-09-30,2019,Railroad Retirement Board,12.1,24,2020
2020-09-30,2019,Environmental Protection Agency,8.5,25,2020
2020-09-30,2019,U.S. Postal Service,7.3,26,2020
2020-09-30,2019,National Science Foundation,7.3,27,2020
2020-09-30,2019,Smithsonian Institution,1.1,28,2020
2020-09-30,2019,Millennium Challenge Corporation,0.5,29,2020
2020-09-30,2019,Export-Import Bank of the U.S.,-0.6,30,2020
2020-09-30,2019,U.S. Nuclear Regulatory Commission,0.1,31,2020
2020-09-30,2019,National Credit Union Administration,0.2,32,2020
2020-09-30,2019,Overseas Private Investment Corporation,-0.3,33,2020
2020-09-30,2019,Farm Credit System Insurance Corporation,-0.1,34,2020
2020-09-30,2019,General Services Administration,-0.7,35,2020
2020-09-30,2019,Securities and Exchange Commission,-0.3,36,2020
2020-09-30,2019,Tennessee Valley Authority,-1.4,37,2020
2020-09-30,2019,National Railroad Retirement Investment Trust,-0.6,38,2020
2020-09-30,2019,Pension Benefit Guaranty Corporation,7.9,39,2020
2020-09-30,2019,Federal Deposit Insurance Corporation,-4.6,40,2020
2020-09-30,2019,All other entities,20.2,41,2020
2020-09-30,2019,Total,5067.7,42,2020
2019-09-30,2019,Department of Health and Human Services,1222.3,1,2019
2019-09-30,2019,Social Security Administration,1100.9,2,2019
2019-09-30,2019,Department of Defense,908.4,3,2019
2019-09-30,2019,Department of Veterans Affairs,417.6,4,2019
2019-09-30,2019,Interest on Treasury Securities Held by the Public,403.6,5,2019
2019-09-30,2019,Department of the Treasury,155.7,6,2019
2019-09-30,2019,Department of Agriculture,140.8,7,2019
2019-09-30,2019,Department of Education,122.0,8,2019
2019-09-30,2019,Office of Personnel Management,94.7,9,2019
2019-09-30,2019,Department of Transportation,81.1,10,2019
2019-09-30,2019,Department of Homeland Security,63.9,11,2019
2019-09-30,2019,Department of Energy,53.6,12,2019
2019-09-30,2019,Department of Labor,40.5,13,2019
2019-09-30,2019,Security Assistance Accounts,38.6,14,2019
2019-09-30,2019,Department of Justice,37.3,15,2019
2019-09-30,2019,Department of State,30.0,16,2019
2019-09-30,2019,Department of Housing and Urban Development,27.8,17,2019
2019-09-30,2019,National Aeronautics and Space Administration,20.8,18,2019
2019-09-30,2019,Department of the Interior,18.5,19,2019
2019-09-30,2019,U.S. Agency for International Development,12.1,20,2019
2019-09-30,2019,Railroad Retirement Board,12.1,21,2019
2019-09-30,2019,Federal Communication Commission,10.8,22,2019
2019-09-30,2019,Department of Commerce,10.2,23,2019
2019-09-30,2019,Environmental Protection Agency,8.5,24,2019
2019-09-30,2019,Pension Benefit Guaranty Corporation,7.9,25,2019
2019-09-30,2019,National Science Foundation,7.3,26,2019
2019-09-30,2019,U.S. Postal Service,7.3,27,2019
2019-09-30,2019,Smithsonian Institution,1.1,28,2019
2019-09-30,2019,Millennium Challenge Corporation,0.5,29,2019
2019-09-30,2019,National Credit Union Administration,0.2,30,2019
2019-09-30,2019,U.S. Nuclear Regulatory Commission,0.1,31,2019
2019-09-30,2019,Farm Credit System Insurance Corporation,-0.1,32,2019
2019-09-30,2019,Small Business Administration,-0.1,33,2019
2019-09-30,2019,Overseas Private Investment Corporation,-0.3,34,2019
2019-09-30,2019,Securities and Exchange Commission,-0.3,35,2019
2019-09-30,2019,National Railroad Retirement Investment Trust,-0.6,36,2019
2019-09-30,2019,Export-Import Bank of the U.S.,-0.6,37,2019
2019-09-30,2019,General Services Administration,-0.7,38,2019
2019-09-30,2019,Tennessee Valley Authority,-1.4,39,2019
2019-09-30,2019,Federal Deposit Insurance Corporation,-4.6,40,2019
2019-09-30,2019,All other entities,20.2,41,2019
2019-09-30,2019,Total,5067.7,42,2019
2019-09-30,2018,Department of Health and Human Services,1142.5,1,2019
2019-09-30,2018,Social Security Administration,1038.3,2,2019
2019-09-30,2018,Department of Defense,698.4,3,2019
2019-09-30,2018,Department of Veterans Affairs,346.9,4,2019
2019-09-30,2018,Interest on Treasury Securities Held by the Public,357.3,5,2019
2019-09-30,2018,Department of the Treasury,128.6,6,2019
2019-09-30,2018,Department of Agriculture,130.4,7,2019
2019-09-30,2018,Department of Education,47.8,8,2019
2019-09-30,2018,Office of Personnel Management,104.1,9,2019
2019-09-30,2018,Department of Transportation,77.9,10,2019
2019-09-30,2018,Department of Homeland Security,64.6,11,2019
2019-09-30,2018,Department of Energy,140.9,12,2019
2019-09-30,2018,Department of Labor,41.1,13,2019
2019-09-30,2018,Security Assistance Accounts,37.9,14,2019
2019-09-30,2018,Department of Justice,33.5,15,2019
2019-09-30,2018,Department of State,29.0,16,2019
2019-09-30,2018,Department of Housing and Urban Development,41.5,17,2019
2019-09-30,2018,National Aeronautics and Space Administration,20.1,18,2019
2019-09-30,2018,Department of the Interior,17.5,19,2019
2019-09-30,2018,U.S. Agency for International Development,13.1,20,2019
2019-09-30,2018,Railroad Retirement Board,13.1,21,2019
2019-09-30,2018,Federal Communication Commission,10.4,22,2019
2019-09-30,2018,Department of Commerce,8.2,23,2019
2019-09-30,2018,Environmental Protection Agency,7.9,24,2019
2019-09-30,2018,Pension Benefit Guaranty Corporation,-24.5,25,2019
2019-09-30,2018,National Science Foundation,7.3,26,2019
2019-09-30,2018,U.S. Postal Service,1.7,27,2019
2019-09-30,2018,Smithsonian Institution,1.0,28,2019
2019-09-30,2018,Millennium Challenge Corporation,0.8,29,2019
2019-09-30,2018,National Credit Union Administration,0.3,30,2019
2019-09-30,2018,U.S. Nuclear Regulatory Commission,0.2,31,2019
2019-09-30,2018,Farm Credit System Insurance Corporation,null,32,2019
2019-09-30,2018,Small Business Administration,0.4,33,2019
2019-09-30,2018,Overseas Private Investment Corporation,-0.1,34,2019
2019-09-30,2018,Securities and Exchange Commission,-0.5,35,2019
2019-09-30,2018,National Railroad Retirement Investment Trust,-1.8,36,2019
2019-09-30,2018,Export-Import Bank of the U.S.,-0.5,37,2019
2019-09-30,2018,General Services Administration,-0.8,38,2019
2019-09-30,2018,Tennessee Valley Authority,-1.3,39,2019
2019-09-30,2018,Federal Deposit Insurance Corporation,-9.5,40,2019
2019-09-30,2018,All other entities,17.2,41,2019
2019-09-30,2018,Total,4540.9,42,2019
